Product,Category,Price (KSh),Photos,Page
"Louis Vuitton Neverfull (Boxed)","Shoulder & Crescent",3199,4,/shop/louis-vuitton-neverfull-boxed
"Pearl Accent Leather Bow Shoulder Bag","Shoulder & Crescent",1199,3,/shop/pearl-accent-leather-bow-shoulder-bag
"Black Crescent Shoulder Bag","Shoulder & Crescent",1499,5,/shop/black-crescent-shoulder-bag
"Peyton Lock Shoulder Bag","Shoulder & Crescent",1799,4,/shop/peyton-lock-shoulder-bag
"Y2K Printed Corduroy Crescent Bag","Shoulder & Crescent",999,4,/shop/y2k-aesthetic-printed-corduroy-crescent-bags
"Monogram Print Handbag","Shoulder & Crescent",1749,6,/shop/monogram-print-handbag
"Charm Shoulder Pouch","Shoulder & Crescent",1399,6,/shop/charm-shoulder-pouch
"Top-Handle Crossbody Bag","Crossbody",1699,1,/shop/top-handle-crossbody-bag
"Scarf-Wrapped Satchel","Top-Handle & Structured",1699,1,/shop/scarf-wrapped-satchel
"Amber Accent Handbag","Shoulder & Crescent",1699,1,/shop/amber-accent-handbag
"The V-Lock Woven Box Bag","Top-Handle & Structured",1699,1,/shop/the-v-lock-woven-box-bag
"Asymmetric Flap Bag","Top-Handle & Structured",1699,1,/shop/asymmetric-flap-bag
"Embossed Anagram Chain Flap Bag","Top-Handle & Structured",1699,1,/shop/embossed-anagram-chain-flap-bag
"Floral-Print Nylon Baguette Bag","Shoulder & Crescent",999,4,/shop/floral-print-nylon-baguette-bags
"Y2K-Denim Shoulder Bag","Shoulder & Crescent",999,1,/shop/y2k-denim-shoulder-bag
"Canvas Tote Bag","Totes",999,8,/shop/canvas-tote-bag
"Retro Plush Letter Tote","Totes",1999,4,/shop/retro-plush-letter-tote
"The Victoria Mini Flap Handbag","Mini & Occasion",1699,1,/shop/the-victoria-mini-flap-handbag
"Valentina Croc-Embossed Flap Bag","Top-Handle & Structured",1699,1,/shop/valentina-croc-embossed-flap-bag
"Saint Laurent Sunset Top Handle Bag","Top-Handle & Structured",1699,1,/shop/saint-laurent-sunset-top-handle-bag
"Frayed Denim Checkered Tote Bag","Totes",1299,4,/shop/frayed-denim-checkered-tote-bag
"Croc-Embossed Dome Satchel","Top-Handle & Structured",1399,1,/shop/c-embossed-dome-satchel
"Zara Flap Top-Handle Bag","Top-Handle & Structured",1399,1,/shop/zara-flap-top-handle-bag
"Underarm Shoulder Bag","Shoulder & Crescent",999,1,/shop/underarm-shoulder-bags
"Chanel Small Top Handle Vanity Case","Mini & Occasion",2499,1,/shop/chanel-small-top-handle-vanity-case
"Faux Leather Tote","Totes",1399,4,/shop/faux-leather-tote
"Saint Laurent Le 5 à 7 Mini Bag","Mini & Occasion",2299,4,/shop/saint-laurent-le-5-7-mini-bag
"Minimalist Black Crescent Shoulder Bag","Shoulder & Crescent",1199,4,/shop/minimalist-black-crescent-shoulder-bag
"Top-Handle Silhouette Bag","Top-Handle & Structured",1499,4,/shop/top-handle-silhouette-bag
"Midi Bag","Shoulder & Crescent",1499,1,/shop/midi-bag
"Coach Emily Shoulder Bag","Shoulder & Crescent",1199,7,/shop/coach-emily-shoulder-bag
"Coach Teri Shoulder Bag","Shoulder & Crescent",1999,8,/shop/coach-teri-shoulder-bag
"Horizon Sculptural Arc Bag","Shoulder & Crescent",1999,1,/shop/horizon-sculptural-arc-bag
"Slate Marble Tote","Totes",1269,4,/shop/slate-marble-tote
"Pleated Satin Minaudière","Mini & Occasion",2369,1,/shop/pleated-satin-minaudi-re
"Aura Wave Minaudière","Mini & Occasion",1969,1,/shop/aura-wave-minaudi-re
"Patch-Pocket Satchel Handbag","Top-Handle & Structured",1649,1,/shop/patch-pocket-satchel-handbag
"Cherry-Print Mini Handbag","Mini & Occasion",1399,1,/shop/cherry-print-mini-handbags
"Aura Crescent Baguette","Shoulder & Crescent",1399,1,/shop/aura-crescent-baguette
"Arch-Lock Sling Bag","Shoulder & Crescent",1349,1,/shop/arch-lock-sling-bag
"Aria Shoulder Bag","Shoulder & Crescent",1349,1,/shop/aria-shoulder-bag
"Aurelia Croc-Embossed Trapeze","Top-Handle & Structured",1679,4,/shop/aurelia-croc-embossed-trapeze
"Demi Lune Crescent Bag","Shoulder & Crescent",1359,6,/shop/demi-lune-crescent-bag
"The Aurelia Flap Bag","Top-Handle & Structured",949,4,/shop/the-aurelia-flap-bag
"Aurelia Structured Mini Satchel","Mini & Occasion",1389,1,/shop/aurelia-structured-mini-satchel
"Bella Pleated Bow Accent Tote Bag","Totes",1749,1,/shop/bella-pleated-bow-accent-tote-bag
"Chevron-Quilted Handbag","Shoulder & Crescent",2479,2,/shop/chevron-quilted-pattern-handbag
"Trapeze Top-Handle Bag","Top-Handle & Structured",1479,1,/shop/trapeze-top-handle-bag
"Faux-Leather Handbag","Shoulder & Crescent",1859,6,/shop/faux-leather-handbag
"Polène Cyme Bag","Shoulder & Crescent",3500,6,/shop/pol-ne-cyme
